StudentID,StudentName,AttendancePercent,ParticipationScore,PastGrade,FinalGrade
1,Alice Smith,95,85,88,89
2,Bob Johnson,80,70,75,76
3,Charlie Lee,70,55,65,63
4,Diana Garcia,85,90,92,91
5,Edward Brown,60,50,55,55
6,Fiona Smith,90,80,85,85
7,George Johnson,75,75,70,73
8,Hannah Lee,65,60,60,61
9,Ian Garcia,88,88,90,90
10,Julia Brown,92,95,94,94
11,Kevin Smith,78,72,74,75
12,Linda Johnson,89,87,86,88
13,Mike Lee,82,80,81,83
14,Nora Garcia,93,91,92,93
15,Oscar Brown,68,62,64,65
16,Penny Smith,87,84,85,86
17,Quinn Johnson,73,68,70,71
18,Rachel Lee,94,92,93,94
19,Sam Garcia,77,74,76,77
20,Tina Brown,84,82,83,84
21,Alice Johnson,91,88,89,90
22,Bob Lee,79,76,77,78
23,Charlie Garcia,72,70,71,72
24,Diana Brown,86,83,84,85
25,Edward Smith,63,58,60,61
26,Fiona Johnson,88,85,86,87
27,George Lee,76,73,74,75
28,Hannah Garcia,67,64,65,66
29,Ian Brown,90,89,90,91
30,Julia Smith,93,94,93,94
31,Kevin Johnson,81,78,79,80
32,Linda Lee,85,82,83,84
33,Mike Garcia,74,71,72,73
34,Nora Brown,89,86,87,88
35,Oscar Smith,66,63,64,65
36,Penny Johnson,83,80,81,82
37,Quinn Lee,71,68,69,70
38,Rachel Garcia,92,90,91,92
39,Sam Brown,78,76,77,78
40,Tina Smith,80,77,78,79
41,Alice Lee,94,92,93,94
42,Bob Garcia,77,74,75,76
43,Charlie Brown,69,66,67,68
44,Diana Smith,84,81,82,83
45,Edward Johnson,61,58,59,60
46,Fiona Lee,87,84,85,86
47,George Garcia,75,72,73,74
48,Hannah Brown,64,61,62,63
49,Ian Smith,91,89,90,91
50,Julia Johnson,95,93,94,95
51,Kevin Lee,82,79,80,81
52,Linda Garcia,88,85,86,87
53,Mike Brown,73,70,71,72
54,Nora Smith,90,87,88,89
55,Oscar Johnson,67,64,65,66
56,Penny Lee,86,83,84,85
57,Quinn Garcia,72,69,70,71
58,Rachel Brown,93,90,91,92
59,Sam Smith,79,76,77,78
60,Tina Johnson,81,78,79,80
61,Alice Garcia,94,91,92,93
62,Bob Brown,76,73,74,75
63,Charlie Smith,68,65,66,67
64,Diana Johnson,85,82,83,84
65,Edward Lee,62,59,60,61
66,Fiona Garcia,89,86,87,88
67,George Brown,74,71,72,73
68,Hannah Smith,63,60,61,62
69,Ian Johnson,92,89,90,91
70,Julia Lee,96,93,94,95
71,Kevin Brown,83,80,81,82
72,Linda Smith,87,84,85,86
73,Mike Johnson,75,72,73,74
74,Nora Lee,91,88,89,90
75,Oscar Garcia,66,63,64,65
76,Penny Brown,84,81,82,83
77,Quinn Smith,71,68,69,70
78,Rachel Johnson,95,92,93,94
79,Sam Lee,80,77,78,79
80,Tina Garcia,82,79,80,81
81,Alice Brown,93,90,91,92
82,Bob Smith,77,74,75,76
83,Charlie Johnson,69,66,67,68
84,Diana Lee,86,83,84,85
85,Edward Garcia,61,58,59,60
86,Fiona Brown,88,85,86,87
87,George Smith,73,70,71,72
88,Hannah Johnson,64,61,62,63
89,Ian Lee,91,88,89,90
90,Julia Garcia,97,94,95,96
91,Kevin Smith,84,81,82,83
92,Linda Lee,89,86,87,88
93,Mike Brown,76,73,74,75
94,Nora Johnson,92,89,90,91
95,Oscar Lee,65,62,63,64
96,Penny Garcia,85,82,83,84
97,Quinn Brown,70,67,68,69
98,Rachel Smith,94,91,92,93
99,Sam Johnson,81,78,79,80
100,Tina Lee,83,80,81,82
101,Alice Johnson,95,92,93,94
102,Bob Lee,78,75,76,77
103,Charlie Brown,67,64,65,66
104,Diana Smith,87,84,85,86
105,Edward Johnson,60,57,58,59
106,Fiona Lee,90,87,88,89
107,George Garcia,72,69,70,71
108,Hannah Brown,62,59,60,61
109,Ian Smith,93,90,91,92
110,Julia Johnson,98,95,96,97
111,Kevin Lee,85,82,83,84
112,Linda Brown,88,85,86,87
113,Mike Smith,77,74,75,76
114,Nora Garcia,93,90,91,92
115,Oscar Brown,64,61,62,63
116,Penny Lee,86,83,84,85
117,Quinn Garcia,69,66,67,68
118,Rachel Brown,96,93,94,95
119,Sam Smith,82,79,80,81
120,Tina Johnson,84,81,82,83
121,Alice Lee,96,93,94,95
122,Bob Garcia,79,76,77,78
123,Charlie Brown,66,63,64,65
124,Diana Johnson,88,85,86,87
125,Edward Smith,59,56,57,58
126,Fiona Garcia,91,88,89,90
127,George Brown,71,68,69,70
128,Hannah Lee,61,58,59,60
129,Ian Johnson,94,91,92,93
130,Julia Smith,99,96,97,98
131,Kevin Brown,86,83,84,85
132,Linda Lee,89,86,87,88
133,Mike Garcia,78,75,76,77
134,Nora Brown,94,91,92,93
135,Oscar Lee,63,60,61,62
136,Penny Garcia,87,84,85,86
137,Quinn Brown,68,65,66,67
138,Rachel Smith,97,94,95,96
139,Sam Johnson,83,80,81,82
140,Tina Lee,85,82,83,84
141,Alice Brown,97,94,95,96
142,Bob Smith,80,77,78,79
143,Charlie Johnson,65,62,63,64
144,Diana Lee,89,86,87,88
145,Edward Garcia,58,55,56,57
146,Fiona Brown,92,89,90,91
147,George Lee,70,67,68,69
148,Hannah Johnson,60,57,58,59
149,Ian Smith,95,92,93,94
150,Julia Lee,100,97,98,99
151,Kevin Johnson,87,84,85,86
152,Linda Smith,90,87,88,89
153,Mike Lee,79,76,77,78
154,Nora Smith,95,92,93,94
155,Oscar Brown,62,59,60,61
156,Penny Johnson,88,85,86,87
157,Quinn Lee,67,64,65,66
158,Rachel Brown,98,95,96,97
159,Sam Smith,84,81,82,83
160,Tina Garcia,86,83,84,85
161,Alice Johnson,98,95,96,97
162,Bob Brown,81,78,79,80
163,Charlie Smith,64,61,62,63
164,Diana Lee,90,87,88,89
165,Edward Brown,57,54,55,56
166,Fiona Johnson,93,90,91,92
167,George Smith,69,66,67,68
168,Hannah Brown,59,56,57,58
169,Ian Lee,96,93,94,95
170,Julia Brown,100,97,98,99
171,Kevin Smith,88,85,86,87
172,Linda Johnson,91,88,89,90
173,Mike Brown,80,77,78,79
174,Nora Lee,96,93,94,95
175,Oscar Smith,61,58,59,60
176,Penny Brown,89,86,87,88
177,Quinn Johnson,66,63,64,65
178,Rachel Lee,99,96,97,98
179,Sam Brown,85,82,83,84
180,Tina Smith,87,84,85,86
181,Alice Lee,99,96,97,98
182,Bob Johnson,82,79,80,81
183,Charlie Brown,63,60,61,62
184,Diana Smith,91,88,89,90
185,Edward Lee,56,53,54,55
186,Fiona Brown,94,91,92,93
187,George Johnson,68,65,66,67
188,Hannah Smith,58,55,56,57
189,Ian Brown,97,94,95,96
190,Julia Lee,100,97,98,99
191,Kevin Brown,89,86,87,88
192,Linda Lee,92,89,90,91
193,Mike Smith,81,78,79,80
194,Nora Brown,97,94,95,96
195,Oscar Lee,60,57,58,59
196,Penny Smith,90,87,88,89
197,Quinn Brown,65,62,63,64
198,Rachel Smith,100,97,98,99
199,Sam Lee,86,83,84,85
200,Tina Brown,88,85,86,87
201,Alice Smith,100,97,98,99
202,Bob Lee,83,80,81,82
203,Charlie Johnson,62,59,60,61
204,Diana Brown,92,89,90,91
205,Edward Smith,55,52,53,54
206,Fiona Lee,95,92,93,94
207,George Brown,67,64,65,66
208,Hannah Johnson,57,54,55,56
209,Ian Lee,98,95,96,97
210,Julia Brown,100,97,98,99
211,Kevin Lee,90,87,88,89
212,Linda Brown,93,90,91,92
213,Mike Johnson,82,79,80,81
214,Nora Smith,98,95,96,97
215,Oscar Brown,59,56,57,58
216,Penny Lee,91,88,89,90
217,Quinn Smith,64,61,62,63
218,Rachel Brown,100,97,98,99
219,Sam Johnson,87,84,85,86
220,Tina Lee,89,86,87,88
221,Alice Brown,100,97,98,99
222,Bob Smith,84,81,82,83
223,Charlie Lee,61,58,59,60
224,Diana Johnson,93,90,91,92
225,Edward Brown,54,51,52,53
226,Fiona Smith,96,93,94,95
227,George Lee,66,63,64,65
228,Hannah Brown,56,53,54,55
229,Ian Smith,99,96,97,98
230,Julia Lee,100,97,98,99
231,Kevin Smith,91,88,89,90
232,Linda Lee,94,91,92,93
233,Mike Brown,83,80,81,82
234,Nora Lee,99,96,97,98
235,Oscar Smith,58,55,56,57
236,Penny Brown,92,89,90,91
237,Quinn Lee,63,60,61,62
238,Rachel Smith,100,97,98,99
239,Sam Brown,88,85,86,87
240,Tina Johnson,90,87,88,89
241,Alice Lee,100,97,98,99
242,Bob Brown,85,82,83,84
243,Charlie Smith,60,57,58,59
244,Diana Lee,94,91,92,93
245,Edward Johnson,53,50,51,52
246,Fiona Brown,97,94,95,96
247,George Smith,65,62,63,64
248,Hannah Lee,55,52,53,54
249,Ian Johnson,100,97,98,99
250,Julia Smith,100,97,98,99
251,Kevin Brown,92,89,90,91
252,Linda Smith,95,92,93,94
253,Mike Lee,84,81,82,83
254,Nora Brown,100,97,98,99
255,Oscar Lee,57,54,55,56
256,Penny Johnson,93,90,91,92
257,Quinn Brown,62,59,60,61
258,Rachel Lee,100,97,98,99
259,Sam Smith,89,86,87,88
260,Tina Brown,91,88,89,90
261,Alice Johnson,100,97,98,99
262,Bob Lee,86,83,84,85
263,Charlie Brown,59,56,57,58
264,Diana Smith,95,92,93,94
265,Edward Lee,52,49,50,51
266,Fiona Johnson,98,95,96,97
267,George Brown,64,61,62,63
268,Hannah Smith,54,51,52,53
269,Ian Lee,100,97,98,99
270,Julia Brown,100,97,98,99
271,Kevin Lee,93,90,91,92
272,Linda Brown,96,93,94,95
273,Mike Smith,85,82,83,84
274,Nora Johnson,100,97,98,99
275,Oscar Brown,56,53,54,55
276,Penny Lee,94,91,92,93
277,Quinn Johnson,61,58,59,60
278,Rachel Brown,100,97,98,99
279,Sam Lee,90,87,88,89
280,Tina Smith,92,89,90,91
281,Alice Brown,100,97,98,99
282,Bob Smith,87,84,85,86
283,Charlie Johnson,58,55,56,57
284,Diana Brown,96,93,94,95
285,Edward Smith,51,48,49,50
286,Fiona Lee,99,96,97,98
287,George Johnson,63,60,61,62
288,Hannah Brown,53,50,51,52
289,Ian Smith,100,97,98,99
290,Julia Lee,100,97,98,99
291,Kevin Smith,94,91,92,93
292,Linda Johnson,97,94,95,96
293,Mike Brown,86,83,84,85
294,Nora Smith,100,97,98,99
295,Oscar Lee,55,52,53,54
296,Penny Smith,95,92,93,94
297,Quinn Lee,60,57,58,59
298,Rachel Smith,100,97,98,99
299,Sam Brown,91,88,89,90
300,Tina Lee,93,90,91,92
